<?xml version="1.0" encoding="UTF-8"?>
<project-private xmlns="http://www.netbeans.org/ns/project-private/1">
    <editor-bookmarks xmlns="http://www.netbeans.org/ns/editor-bookmarks/2" lastBookmarkId="0"/>
    <open-files xmlns="http://www.netbeans.org/ns/projectui-open-files/2">
        <group>
            <file>file:/C:/Users/User/OneDrive/Documents/NetBeansProjects/SUPER%20MALL/src/BILLING.java</file>
            <file>file:/C:/Users/User/OneDrive/Documents/NetBeansProjects/SUPER%20MALL/src/updateproduct.java</file>
            <file>file:/C:/Users/User/OneDrive/Documents/NetBeansProjects/SUPER%20MALL/src/FINDSELLER.java</file>
            <file>file:/C:/Users/User/OneDrive/Documents/NetBeansProjects/SUPER%20MALL/src/products.java</file>
            <file>file:/C:/Users/User/OneDrive/Documents/NetBeansProjects/SUPER%20MALL/src/seller.java</file>
            <file>file:/C:/Users/User/OneDrive/Documents/NetBeansProjects/SUPER%20MALL/src/UPDATEPROD.java</file>
        </group>
    </open-files>
</project-private>
